[
{"CustomerID":"R2001","FirstName":"Sudhanshu","LastName":"Sharma","Address":"12, MG Road, Sector 49","City":"Noida"},
{"CustomerID":"R2002","FirstName":"Kapil","LastName":"Khanna","Address":"12/5, RR Marg, Bandra","City":"Mumbai"},
{"CustomerID":"R2003","FirstName":"Megha","LastName":"Raj","Address":"12, T Nagar","City":"Chennai"},
{"CustomerID":"R2004","FirstName":"David","LastName":"John","Address":"24, George Nagar","City":"Hyderabad"},
{"CustomerID":"R2005","FirstName":"William","LastName":"James","Address":"6, Rao Street","City":"Kolkotta"},
{"CustomerID":"R2006","FirstName":"Raj","LastName":"Sharma","Address":"7, EM Road","City":"Pune"},
{"CustomerID":"R2007","FirstName":"Daniel","LastName":"Jacob","Address":"3 c, Ram Marg","City":"Patna"},
{"CustomerID":"R2008","FirstName":"Jardon","LastName":"Jose","Address":"3/5, Church Street","City":"Bangalore"},
{"CustomerID":"R2009","FirstName":"Megha","LastName":"Raj","Address":"12, T Nagar","City":"Kochi"},
{"CustomerID":"R2010","FirstName":"David","LastName":"John","Address":"24, George Nagar","City":"Tiruvanandapuram"},
{"CustomerID":"R2011","FirstName":"William","LastName":"James","Address":"6, Rao Street","City":"Erode"},
{"CustomerID":"R2012","FirstName":"Raj","LastName":"Sharma","Address":"7, EM Road","City":"Vijayawada"},
{"CustomerID":"R2013","FirstName":"Daniel","LastName":"Jacob","Address":"3 c, Ram Marg","City":"Agra"},
{"CustomerID":"R2014","FirstName":"Sudhanshu","LastName":"Sharma","Address":"12, MG Road, Sector 49","City":"Nagpur"},
{"CustomerID":"R2015","FirstName":"Kapil","LastName":"Khanna","Address":"12/5, RR Marg, Bandra","City":"Panipat"},
{"CustomerID":"R2016","FirstName":"Megha","LastName":"Raj","Address":"12, T Nagar","City":"Bhuvaneshwar"},
{"CustomerID":"R2017","FirstName":"Neeraj","LastName":"Gupta","Address":"7 Hills Road","City":"Patna"},
{"CustomerID":"R2018","FirstName":"Gulshan","LastName":"Rai","Address":"1901, 7th Avenue","City":"Jaipur"},
{"CustomerID":"R2019","FirstName":"Reema","LastName":"Gupta","Address":"1/14, BB Complex","City":"Shimla"},
{"CustomerID":"R2020","FirstName":"Roshan","LastName":"Rai","Address":"12, Pacific Avenue","City":"Kochin"},
{"CustomerID":"R2021","FirstName":"Radhika","LastName":"Sharma","Address":"Flat 12, Block 2","City":"Mysore"},
{"CustomerID":"R2022","FirstName":"Neeraj","LastName":"Gupta","Address":"7 Hills Road","City":"Gandhinagar"},
{"CustomerID":"R2023","FirstName":"Gulshan","LastName":"Rai","Address":"1901, 7th Avenue","City":"Patna"},
{"CustomerID":"R2024","FirstName":"Reema","LastName":"Gupta","Address":"1/14, BB Complex","City":"Bangalore"},
{"CustomerID":"R2025","FirstName":"Roshan","LastName":"Rai","Address":"12, Pacific Avenue","City":"Kochi"},
{"CustomerID":"R2026","FirstName":"Radhika","LastName":"Sharma","Address":"Flat 12, Block 2","City":"Tiruvanandapuram"},
{"CustomerID":"R2027","FirstName":"Neeraj","LastName":"Gupta","Address":"7 Hills Road","City":"Erode"},
{"CustomerID":"R2028","FirstName":"Gulshan","LastName":"Rai","Address":"1901, 7th Avenue","City":"Vijayawada"},
{"CustomerID":"R2029","FirstName":"Reema","LastName":"Gupta","Address":"1/14, BB Complex","City":"Agra"},
{"CustomerID":"R2030","FirstName":"Roshan","LastName":"Rai","Address":"12, Pacific Avenue","City":"Nagpur"},
{"CustomerID":"R2031","FirstName":"Radhika","LastName":"Sharma","Address":"Flat 12, Block 2","City":"Panipat"},
{"CustomerID":"R2032","FirstName":"Neeraj","LastName":"Gupta","Address":"7 Hills Road","City":"Bhuvaneshwar"},
{"CustomerID":"R2033","FirstName":"Gulshan","LastName":"Rai","Address":"1901, 7th Avenue","City":"Patna"},
{"CustomerID":"R2034","FirstName":"Reema","LastName":"Gupta","Address":"1/14, BB Complex","City":"Jaipur"},
{"CustomerID":"R2035","FirstName":"Roshan","LastName":"Rai","Address":"12, Pacific Avenue","City":"Shimla"},
{"CustomerID":"R2036","FirstName":"Radhika","LastName":"Sharma","Address":"Flat 12, Block 2","City":"Kochin"},
{"CustomerID":"R2037","FirstName":"Reema","LastName":"Gupta","Address":"1/14, BB Complex","City":"Mysore"},
{"CustomerID":"R2038","FirstName":"Roshan","LastName":"Rai","Address":"12, Pacific Avenue","City":"Gandhinagar"},
{"CustomerID":"R2039","FirstName":"Gulshan","LastName":"Rai","Address":"1901, 7th Avenue","City":"Bhuvaneshwar"},
{"CustomerID":"R2040","FirstName":"Reema","LastName":"Gupta","Address":"1/14, BB Complex","City":"Patna"},
{"CustomerID":"R2041","FirstName":"Roshan","LastName":"Rai","Address":"12, Pacific Avenue","City":"Jaipur"},
{"CustomerID":"R2042","FirstName":"Radhika","LastName":"Sharma","Address":"Flat 12, Block 2","City":"Shimla"},
{"CustomerID":"R2043","FirstName":"Neeraj","LastName":"Gupta","Address":"7 Hills Road","City":"Kochin"},
{"CustomerID":"R2044","FirstName":"Gulshan","LastName":"Rai","Address":"1901, 7th Avenue","City":"Mysore"},
{"CustomerID":"R2045","FirstName":"Reema","LastName":"Gupta","Address":"1/14, BB Complex","City":"Gandhinagar"},
{"CustomerID":"R2046","FirstName":"Roshan","LastName":"Rai","Address":"12, Pacific Avenue","City":"Patna"},
{"CustomerID":"R2047","FirstName":"Radhika","LastName":"Sharma","Address":"Flat 12, Block 2","City":"Bangalore"},
{"CustomerID":"R2048","FirstName":"Reema","LastName":"Gupta","Address":"1/14, BB Complex","City":"Kochi"},
{"CustomerID":"R2049","FirstName":"Sudhanshu","LastName":"Sharma","Address":"12, MG Road, Sector 49","City":"Tiruvanandapuram"},
{"CustomerID":"R2050","FirstName":"Kapil","LastName":"Khanna","Address":"12/5, RR Marg, Bandra","City":"Erode"},
{"CustomerID":"R2051","FirstName":"Megha","LastName":"Raj","Address":"12, T Nagar","City":"Vijayawada"},
{"CustomerID":"R2052","FirstName":"David","LastName":"John","Address":"24, George Nagar","City":"Bhuvaneshwar"},
{"CustomerID":"R2053","FirstName":"William","LastName":"James","Address":"6, Rao Street","City":"Patna"},
{"CustomerID":"R2054","FirstName":"Raj","LastName":"Sharma","Address":"7, EM Road","City":"Jaipur"},
{"CustomerID":"R2055","FirstName":"Daniel","LastName":"Jacob","Address":"3 c, Ram Marg","City":"Shimla"},
{"CustomerID":"R2056","FirstName":"Sudhanshu","LastName":"Sharma","Address":"12, MG Road, Sector 49","City":"Kochin"},
{"CustomerID":"R2057","FirstName":"Kapil","LastName":"Khanna","Address":"12/5, RR Marg, Bandra","City":"Mysore"},
{"CustomerID":"R2058","FirstName":"Megha","LastName":"Raj","Address":"12, T Nagar","City":"Gandhinagar"},
{"CustomerID":"R2059","FirstName":"Neeraj","LastName":"Gupta","Address":"7 Hills Road","City":"Patna"},
{"CustomerID":"R2060","FirstName":"Gulshan","LastName":"Rai","Address":"1901, 7th Avenue","City":"Bangalore"},
{"CustomerID":"R2061","FirstName":"Reema","LastName":"Gupta","Address":"1/14, BB Complex","City":"Kochi"},
{"CustomerID":"R2062","FirstName":"Roshan","LastName":"Rai","Address":"12, Pacific Avenue","City":"Tiruvanandapuram"},
{"CustomerID":"R2063","FirstName":"Radhika","LastName":"Sharma","Address":"Flat 12, Block 2","City":"Erode"},
{"CustomerID":"R2064","FirstName":"Reema","LastName":"Gupta","Address":"1/14, BB Complex","City":"Vijayawada"},
{"CustomerID":"R2065","FirstName":"Sudhanshu","LastName":"Sharma","Address":"12, MG Road, Sector 49","City":"Bhuvaneshwar"},
{"CustomerID":"R2066","FirstName":"Kapil","LastName":"Khanna","Address":"12/5, RR Marg, Bandra","City":"Patna"},
{"CustomerID":"R2067","FirstName":"Megha","LastName":"Raj","Address":"12, T Nagar","City":"Jaipur"},
{"CustomerID":"R2068","FirstName":"David","LastName":"John","Address":"24, George Nagar","City":"Shimla"},
{"CustomerID":"R2069","FirstName":"William","LastName":"James","Address":"6, Rao Street","City":"Kochin"},
{"CustomerID":"R2070","FirstName":"Raj","LastName":"Sharma","Address":"7, EM Road","City":"Mysore"},
{"CustomerID":"R2071","FirstName":"Daniel","LastName":"Jacob","Address":"3 c, Ram Marg","City":"Gandhinagar"},
{"CustomerID":"R2072","FirstName":"Reema","LastName":"Gupta","Address":"1/14, BB Complex","City":"Patna"},
{"CustomerID":"R2073","FirstName":"Roshan","LastName":"Rai","Address":"12, Pacific Avenue","City":"Bangalore"},
{"CustomerID":"R2074","FirstName":"Radhika","LastName":"Sharma","Address":"Flat 12, Block 2","City":"Kochi"}
]