[
    {
        "name":"Jeffrey Abrams, 51",
        "profession": "Film Director, Producer",
        "income": "€14/hour",
        "location": "New York, United States",
        "info": "Abrams was born in New York City and raised in Los Angeles",
        "profileImage": "https://www.comingsoon.net/wp-content/uploads/sites/3/2018/02/GettyImages-875362426-e1517526513104.jpg?resize=364,244",
        "cvlink": "https://www.imdb.com/name/nm0009190/bio/?ref_=ext_shr_lnk",
        "featured": false,
        "status": "online"
    },
    {
        "name": "Baltasar Kormakur, 52",
        "profession": "Actor, Film Director",
        "income": "€9/hour",
        "location": "Reykjavik, Iceland",
        "info": "Icelandic actor, theater and film director, and film producer",
        "profileImage": null,
        "cvlink": "",
        "featured": true,
        "status": "17 minutes ago"
    }
]